{"shaders":[{"id":28,"assetBundleId":-2,"data":[[],"UI/Default",null,["UNITY_UI_ALPHACLIP","UNITY_UI_CLIP_RECT","STEREO_CUBEMAP_RENDER_ON","STEREO_INSTANCING_ON","STEREO_MULTIVIEW_ON","UNITY_SINGLE_PASS_STEREO","_"],[[0,0,"Default",0,"",0,[0,"unity_GUIZTestMode"],[0,null],[0,null],[[1,null],[10,null],[0,null]],[[1,null],[10,null],[0,null]],[0,"_ColorMask"],[0,null],[0,null],[0,"_Stencil"],[0,"_StencilReadMask"],[0,"_StencilWriteMask"],[[0,"_StencilOp"],[0,null],[0,null],[0,"_StencilComp"]],[[0,null],[0,null],[0,null],[8,null]],[[0,null],[0,null],[0,null],[8,null]],[["CanUseSpriteAtlas","true"],["IGNOREPROJECTOR","true"],["PreviewType","Plane"],["QUEUE","Transparent"],["RenderType","Transparent"]],["STEREO_CUBEMAP_RENDER_ON","STEREO_INSTANCING_ON","STEREO_MULTIVIEW_ON","UNITY_SINGLE_PASS_STEREO","UNITY_UI_ALPHACLIP","UNITY_UI_CLIP_RECT","_"],[],[[0,0,[],0,1,0,0],[0,0,[],2,3,1,0]],[],0]],[],[["_MainTex",4,0,0,0,0,"white",2],["_Color",0,1,1,1,1,"",0],["_StencilComp",2,8,0,0,0,"",0],["_Stencil",2,0,0,0,0,"",0],["_StencilOp",2,0,0,0,0,"",0],["_StencilWriteMask",2,255,0,0,0,"",0],["_StencilReadMask",2,255,0,0,0,"",0],["_ColorMask",2,15,0,0,0,"",0],["_UseUIAlphaClip",2,0,0,0,0,"",0]],null,null,0,0,0]},{"id":48,"assetBundleId":-2,"data":[[],"Hidden/BlitCopy",null,["STEREO_CUBEMAP_RENDER_ON","STEREO_INSTANCING_ON","STEREO_MULTIVIEW_ON","UNITY_SINGLE_PASS_STEREO"],[[0,0,"",0,"",0,[8,null],[0,null],[0,null],[[1,null],[0,null],[0,null]],[[1,null],[0,null],[0,null]],[15,null],[0,null],[0,null],[0,null],[255,null],[255,null],[[0,null],[0,null],[0,null],[8,null]],[[0,null],[0,null],[0,null],[8,null]],[[0,null],[0,null],[0,null],[8,null]],[],["STEREO_CUBEMAP_RENDER_ON","STEREO_INSTANCING_ON","STEREO_MULTIVIEW_ON","UNITY_SINGLE_PASS_STEREO"],[],[],[],0]],[],[["_MainTex",4,0,0,0,0,"",0],["_Color",0,1,1,1,1,"",0]],null,null,0,0,0]},{"id":180,"assetBundleId":-2,"data":[[],"Particles/Standard Unlit",null,["SHADOWS_DEPTH","_ALPHABLEND_ON","_ALPHAMODULATE_ON","_ALPHAPREMULTIPLY_ON","_ALPHATEST_ON","_REQUIRE_UV2","FOG_EXP","FOG_EXP2","FOG_LINEAR","_COLORADDSUBDIFF_ON","_COLORCOLOR_ON","_COLOROVERLAY_ON","_EMISSION","_FADING_ON","_NORMALMAP","INSTANCING_ON","PROCEDURAL_INSTANCING_ON","SHADOWS_CUBE","STEREO_CUBEMAP_RENDER_ON","STEREO_INSTANCING_ON","STEREO_MULTIVIEW_ON","UNITY_SINGLE_PASS_STEREO","__","_","EFFECT_BUMP","SOFTPARTICLES_ON"],[[0,0,"",0,"_GrabTexture",0,[0,null],[0,null],[0,null],[[1,null],[0,null],[0,null]],[[1,null],[0,null],[0,null]],[15,null],[0,null],[0,null],[0,null],[0,null],[0,null],[[0,null],[0,null],[0,null],[0,null]],[[0,null],[0,null],[0,null],[0,null]],[[0,null],[0,null],[0,null],[0,null]],[["LIGHTMODE","GRABPASS"]],[],[],[],[],0],[1,0,"ShadowCaster",8,"",0,[4,null],[1,null],[0,null],[[1,null],[0,null],[0,null]],[[1,null],[0,null],[0,null]],[14,null],[0,null],[0,null],[0,null],[255,null],[255,null],[[0,null],[0,null],[0,null],[8,null]],[[0,null],[0,null],[0,null],[8,null]],[[0,null],[0,null],[0,null],[8,null]],[["IGNOREPROJECTOR","true"],["LIGHTMODE","SHADOWCASTER"],["PerformanceChecks","False"],["PreviewType","Plane"],["RenderType","Opaque"],["SHADOWSUPPORT","true"]],["INSTANCING_ON","PROCEDURAL_INSTANCING_ON","SHADOWS_CUBE","SHADOWS_DEPTH","STEREO_CUBEMAP_RENDER_ON","STEREO_INSTANCING_ON","STEREO_MULTIVIEW_ON","UNITY_SINGLE_PASS_STEREO","_ALPHABLEND_ON","_ALPHAMODULATE_ON","_ALPHAPREMULTIPLY_ON","_ALPHATEST_ON","_REQUIRE_UV2","__","_"],[],[],[],0],[4,0,"",0,"",0,[4,null],[0,"_ZWrite"],[0,"_Cull"],[[0,"_SrcBlend"],[0,"_DstBlend"],[0,"_BlendOp"]],[[0,"_SrcBlend"],[0,"_DstBlend"],[0,"_BlendOp"]],[14,null],[0,null],[0,null],[0,null],[255,null],[255,null],[[0,null],[0,null],[0,null],[8,null]],[[0,null],[0,null],[0,null],[8,null]],[[0,null],[0,null],[0,null],[8,null]],[["IGNOREPROJECTOR","true"],["PerformanceChecks","False"],["PreviewType","Plane"],["RenderType","Opaque"]],["EFFECT_BUMP","FOG_EXP","FOG_EXP2","FOG_LINEAR","INSTANCING_ON","PROCEDURAL_INSTANCING_ON","SOFTPARTICLES_ON","STEREO_CUBEMAP_RENDER_ON","STEREO_INSTANCING_ON","STEREO_MULTIVIEW_ON","UNITY_SINGLE_PASS_STEREO","_ALPHABLEND_ON","_ALPHAMODULATE_ON","_ALPHAPREMULTIPLY_ON","_ALPHATEST_ON","_COLORADDSUBDIFF_ON","_COLORCOLOR_ON","_COLOROVERLAY_ON","_EMISSION","_FADING_ON","_NORMALMAP","_REQUIRE_UV2","__","_"],[],[[4,0,["_ALPHABLEND_ON","_FADING_ON"],4,5,0,0],[4,0,["_ALPHABLEND_ON","_FADING_ON"],6,7,1,0]],[],0]],[],[["_MainTex",4,0,0,0,0,"white",0],["_Color",0,1,1,1,1,"",0],["_Cutoff",3,0.5,0,1,0,"",0],["_BumpScale",2,1,0,0,0,"",0],["_BumpMap",4,0,0,0,0,"bump",0],["_EmissionColor",0,0,0,0,1,"",0],["_EmissionMap",4,0,0,0,0,"white",0],["_DistortionStrength",2,1,0,0,0,"",0],["_DistortionBlend",3,0.5,0,1,0,"",0],["_SoftParticlesNearFadeDistance",2,0,0,0,0,"",0],["_SoftParticlesFarFadeDistance",2,1,0,0,0,"",0],["_CameraNearFadeDistance",2,1,0,0,0,"",0],["_CameraFarFadeDistance",2,2,0,0,0,"",0],["_Mode",2,0,0,0,0,"",1],["_ColorMode",2,0,0,0,0,"",1],["_FlipbookMode",2,0,0,0,0,"",1],["_LightingEnabled",2,0,0,0,0,"",1],["_DistortionEnabled",2,0,0,0,0,"",1],["_EmissionEnabled",2,0,0,0,0,"",1],["_BlendOp",2,0,0,0,0,"",1],["_SrcBlend",2,1,0,0,0,"",1],["_DstBlend",2,0,0,0,0,"",1],["_ZWrite",2,1,0,0,0,"",1],["_Cull",2,2,0,0,0,"",1],["_SoftParticlesEnabled",2,0,0,0,0,"",1],["_CameraFadingEnabled",2,0,0,0,0,"",1],["_SoftParticleFadeParams",1,0,0,0,0,"",1],["_CameraFadeParams",1,0,0,0,0,"",1],["_ColorAddSubDiff",1,0,0,0,0,"",1],["_DistortionStrengthScaled",2,0,0,0,0,"",1]],6,72,0,0,0]},{"id":72,"assetBundleId":-2,"data":[[],"Legacy Shaders/VertexLit",null,["FOG_EXP","FOG_EXP2","FOG_LINEAR","POINT","SPOT","SHADOWS_DEPTH","STEREO_CUBEMAP_RENDER_ON","STEREO_INSTANCING_ON","STEREO_MULTIVIEW_ON","UNITY_SINGLE_PASS_STEREO","_","__","INSTANCING_ON","SHADOWS_CUBE"],[[0,0,"",1,"",0,[4,null],[1,null],[2,null],[[1,null],[0,null],[0,null]],[[1,null],[0,null],[0,null]],[15,null],[0,null],[0,null],[0,null],[255,null],[255,null],[[0,null],[0,null],[0,null],[8,null]],[[0,null],[0,null],[0,null],[8,null]],[[0,null],[0,null],[0,null],[8,null]],[["LIGHTMODE","Vertex"],["RenderType","Opaque"]],["FOG_EXP","FOG_EXP2","FOG_LINEAR","POINT","SPOT","STEREO_CUBEMAP_RENDER_ON","STEREO_INSTANCING_ON","STEREO_MULTIVIEW_ON","UNITY_SINGLE_PASS_STEREO","_"],[],[],[],0],[1,0,"",2,"",0,[4,null],[1,null],[2,null],[[1,null],[0,null],[0,null]],[[1,null],[0,null],[0,null]],[15,null],[0,null],[0,null],[0,null],[255,null],[255,null],[[0,null],[0,null],[0,null],[8,null]],[[0,null],[0,null],[0,null],[8,null]],[[0,null],[0,null],[0,null],[8,null]],[["LIGHTMODE","VertexLM"],["RenderType","Opaque"]],["FOG_EXP","FOG_EXP2","FOG_LINEAR","STEREO_CUBEMAP_RENDER_ON","STEREO_INSTANCING_ON","STEREO_MULTIVIEW_ON","UNITY_SINGLE_PASS_STEREO","__"],[],[],[],0],[2,0,"ShadowCaster",8,"",0,[4,null],[1,null],[2,null],[[1,null],[0,null],[0,null]],[[1,null],[0,null],[0,null]],[15,null],[0,null],[0,null],[0,null],[255,null],[255,null],[[0,null],[0,null],[0,null],[8,null]],[[0,null],[0,null],[0,null],[8,null]],[[0,null],[0,null],[0,null],[8,null]],[["LIGHTMODE","SHADOWCASTER"],["RenderType","Opaque"],["SHADOWSUPPORT","true"]],["INSTANCING_ON","SHADOWS_CUBE","SHADOWS_DEPTH","STEREO_CUBEMAP_RENDER_ON","STEREO_INSTANCING_ON","STEREO_MULTIVIEW_ON","UNITY_SINGLE_PASS_STEREO","__"],[],[],[],0]],[],[["_Color",0,1,1,1,1,"",0],["_SpecColor",0,1,1,1,1,"",0],["_Emission",0,0,0,0,0,"",0],["_Shininess",3,0.699999988079071,0.00999999977648258,1,0,"",0],["_MainTex",4,0,0,0,0,"white",0]],null,null,0,0,0]}],"sprites":[{"id":870,"path":"Resources/unity_builtin_extra\\UISprite","assetBundleId":-2,"data":["UISprite",7,868,[0,0,0,0.08,0.08,0],[0.05,0.08,0,0.8125,1,0.08,-0.08,0,1,0,0.08,0.075,0,1,0.96875,-0.07,0.08,0,0.0625,1,-0.075,-0.08,0,0.03124997,0,-0.08,0.07,0,0,0.9375,-0.08,-0.05,0,0,0.1875],[6,5,4,3,4,5,1,4,3,0,1,3,2,1,0],-0.000835968181490898,-0.00160364620387554,0.999164044857025,0.998396337032318,0,0,1,1,0.3125,0.3125,0.3125,0.3125,[0,0,0,0],[-0.08,-0.08,0.08,0.08],200,32,32,32,32,16,16,0.0267509818077087,0.0513166785240173]}],"textures":[{"id":868,"type":0,"path":"Resources/unity_builtin_extra\\UISprite","assetBundleId":-2,"data":["UISprite",32,32,6,16,1,0,4,1,1,1,8,0,0,1,1]}],"resources":[{"id":0,"assetBundleId":-2,"data":[[["unity_builtin_extra",6,180],["unity_builtin_extra",7,868],["unity_builtin_extra",12,870],["unity_builtin_extra",6,28]],[30296,30294,31150,30294,30298,30294,-114716,-114714,30302,30294,31160,30294,30304,30294,31158,30294,-114724,-114714,-114732,-114714,30306,30294,31148,30294,30300,30294,39852,-114714,-114588,-114586,-114596,-114586,-114604,-114586,39280,-114586,30314,30312,30462,30312,30464,30312,30466,30312,38742,39584,30378,30376,30656,30376,30748,30376,30658,30376,30746,30376,30652,30376,30654,30376,30596,30376,30660,30376,30662,30376,39246,39584,30864,30376,30862,30376,-114634,39584,31064,30376,31066,30376,-114644,39584,30740,30376,30742,30376,30744,30376,-114652,39584,31060,30376,31062,30376,-114662,39584,30752,30376,30754,30376,30756,30376,30598,30376,30600,30376,30602,30376,-114618,39584,-114626,39584,-114670,39584,30592,30376,30594,30376,30380,30376,-114764,-114762,-114772,-114762,-114780,-114762,39042,-114762,-114622,39584,-114630,39584,30400,30376,30332,30330,31164,30330,-114738,39164,30336,30330,31168,30330,-114744,39164,30334,30330,31162,30330,39582,39164,30418,30420,30404,30420,31170,30420,39320,-114416,-114424,-114422,-114432,-114422,-114440,-114422,39118,-114422,-114702,39464,-114708,39464,39146,39464,39248,39584,-114496,-114494,-114504,-114494,-114512,-114494,39636,-114494,-114520,-114518,-114528,-114518,-114536,-114518,39166,-114518,-114448,-114446,-114456,-114446,-114464,-114446,39282,-114446,-114544,-114542,-114550,-114542,39816,-114542,39058,39584,30358,30356,31138,30356,31140,30356,31142,30356,-114756,39584,31132,30356,31134,30356,31136,30356,-114472,-114470,-114480,-114470,-114488,-114470,39508,-114470,-114370,-114368,-114378,-114368,-114386,-114368,38866,-114368,-114564,-114562,-114572,-114562,-114580,-114562,39548,-114562,-114394,-114392,-114402,-114392,-114410,-114392,39850,-114392,-114680,-114678,-114688,-114678,-114696,-114678,38806,-114678,30604,30520,30674,30520,30762,30520,30676,30520,30768,30520,30670,30520,30672,30520,30384,30520,30610,30524,30682,30524,30776,30524,30684,30524,30780,30524,30678,30524,30680,30524,30386,30524,30616,30528,30692,30528,30790,30528,30694,30528,30784,30528,30688,30528,30690,30528,30388,30528,30622,30532,30700,30532,30804,30532,30702,30532,30800,30532,30696,30532,30698,30532,30390,30532,30628,30536,30708,30536,30810,30536,30710,30536,30816,30536,30704,30536,30706,30536,30392,30536,30634,30540,30716,30540,30826,30540,30718,30540,30820,30540,30712,30540,30714,30540,30394,30540,30640,30544,30724,30544,30840,30544,30726,30544,30836,30544,30720,30544,30722,30544,30396,30544,30646,30548,30732,30548,30850,30548,30734,30548,30846,30548,30728,30548,30730,30548,30398,30548,34604,34600,34610,34600,34612,34600,34614,34600,34616,34600,34672,34668,34678,34668,34680,34668,34682,34668,34684,34668,34686,34668]]}],"project-settings":[{"id":-1,"assetBundleId":-2,"data":[[["UnityEngine.U2D.CinemachinePixelPerfect",-1],["UnityEngine.EventSystems.EventSystem",-1000],["UnityEngine.UI.ToggleGroup",10],["UnityEngine.Rendering.Universal.CinemachineUniversalPixelPerfect",-1]],[[0,"Default",0]],[[0,"Default"],[1,"TransparentFX"],[2,"Ignore Raycast"],[4,"Water"],[5,"UI"]],[0.0199999995529652,0.333333343267441,1,0.0299999993294477],[0,-9.8100004196167,0,6,2,0,1,[[0,0,0],[0,0,1],[0,0,2],[0,0,4],[0,0,5],[0,1,0],[0,1,1],[0,1,2],[0,1,4],[0,1,5],[0,2,0],[0,2,1],[0,2,2],[0,2,4],[0,2,5],[0,4,0],[0,4,1],[0,4,2],[0,4,4],[0,4,5],[0,5,0],[0,5,1],[0,5,2],[0,5,4],[0,5,5]]],[null,null,0,-9.8100004196167,3,8,1,0.200000002980232,8,100,360,0.200000002980232,0.75,0.5,0.00999999977648258,2,0.00999999977648258,1,1,1,1,1,0,[[0,0,0],[0,0,1],[0,0,2],[0,0,4],[0,0,5],[0,1,0],[0,1,1],[0,1,2],[0,1,4],[0,1,5],[0,2,0],[0,2,1],[0,2,2],[0,2,4],[0,2,5],[0,4,0],[0,4,1],[0,4,2],[0,4,4],[0,4,5],[0,5,0],[0,5,1],[0,5,2],[0,5,4],[0,5,5]]],[[[[],["Very Low","Low","Medium","High","Very High","Ultra"],0,0,0,0.300000011920929,1,15,0,1,0,0,0,0,0,1,2,4,0,0,0.333333343267441,0.0666666701436043,0.200000002980232,0.466666668653488,0,0,16,2,0,3,512,0,1,2,512,1,1024,0],[[],["Very Low","Low","Medium","High","Very High","Ultra"],0,0,0,0.400000005960464,1,20,0,1,0,0,0,0,0,0,2,16,0,0,0.333333343267441,0.0666666701436043,0.200000002980232,0.466666668653488,0,0,16,2,0,3,512,0,1,2,512,1,1024,1],[[],["Very Low","Low","Medium","High","Very High","Ultra"],1,1,0,0.699999988079071,1,20,0,1,0,0,0,0,0,0,2,64,1,0,0.333333343267441,0.0666666701436043,0.200000002980232,0.466666668653488,0,1,16,2,0,3,512,0,1,2,512,1,1024,2],[[],["Very Low","Low","Medium","High","Very High","Ultra"],2,1,0,1,2,40,1,1,1,0,1,0,0,0,2,256,2,1,0.333333343267441,0.0666666701436043,0.200000002980232,0.466666668653488,0,1,16,2,1,3,512,0,1,2,512,1,1024,3],[[],["Very Low","Low","Medium","High","Very High","Ultra"],2,2,2,1.5,2,70,1,1,2,1,1,0,0,0,2,1024,3,1,0.333333343267441,0.0666666701436043,0.200000002980232,0.466666668653488,0,1,16,2,1,3,512,0,1,2,512,1,1024,4],[[],["Very Low","Low","Medium","High","Very High","Ultra"],2,2,0,2,4,150,1,1,2,1,1,0,0,0,2,4096,4,1,0.333333343267441,0.0666666701436043,0.200000002980232,0.466666668653488,0,1,16,2,1,3,512,0,1,2,512,1,1024,5]],["Very Low","Low","Medium","High","Very High","Ultra"],2,2,0,2,4,150,1,1,2,1,1,0,0,0,2,4096,4,1,0.333333343267441,0.0666666701436043,0.200000002980232,0.466666668653488,0,1,16,2,1,3,512,0,1,2,512,1,1024,5],0,0,0,2,0,["Untagged","Respawn","Finish","EditorOnly","MainCamera","Player","GameController"]]}]}